-- ESTRUCTURA SQL DESARROLLO.
  -- 1. Se realiza carga base de categorias, productos e imagenes Venus desde archivo externo.
    -- General.
      -- Ruta esperada de imagenes: backend/public/uploads/tienda/productos/
      BEGIN;

      -- Limpieza base.
      DELETE FROM public.producto_imagenes;
      DELETE FROM public.pedido_tienda_detalles;
      DELETE FROM public.productos;
      DELETE FROM public.categorias;

      -- Categorias.
      INSERT INTO public.categorias
(
    categoria_id,
    codigo,
    nombre,
    slug,
    linea,
    descripcion,
    orden,
    imagen_url,
    texto_alternativo,
    estado,
    borrado,
    usuario_creacion,
    fecha_creacion
)
      VALUES
    (1, 'MAQ', 'Maquillaje', 'maquillaje', 'maquillaje', 'Productos para rostro, ojos y labios de marcas aliadas.', 1, '/public/uploads/tienda/productos/base%20aqua%20smoth%20todos%20los%20tonos.webp', 'Categoria maquillaje Venus', B'1', B'0', 1, NOW()),
    (2, 'SKIN', 'Skincare', 'skincare', 'skincare', 'Productos de cuidado facial y preparacion para rutina diaria.', 2, '/public/uploads/tienda/productos/kit%20facial%20x5.webp', 'Categoria skincare Venus', B'1', B'0', 1, NOW()),
    (3, 'ACC', 'Accesorios', 'accesorios', 'accesorios', 'Herramientas y complementos para maquillaje y cuidado facial.', 3, '/public/uploads/tienda/productos/brochas%20bloomshel.jpg', 'Categoria accesorios Venus', B'1', B'0', 1, NOW());

      -- Productos.
      INSERT INTO public.productos
(
    producto_id,
    categoria_id,
    codigo,
    nombre,
    slug,
    resumen,
    descripcion,
    etiqueta,
    precio_base,
    precio_oferta,
    rating_promedio,
    stock,
    sw_destacado,
    sw_oferta,
    orden,
    estado,
    borrado,
    usuario_creacion,
    fecha_creacion
)
      VALUES
    (1, 2, 'VEN-SKIN-001', 'Jabon Facial Rosas', 'jabon-facial-rosas', 'Limpieza facial de uso diario.', 'Jabon Facial Rosas Hidratacion Profunda Y Rejuvenece La Piel.', 'Jabon', 12000.00, 12000.00, 0.00, 100, B'0', B'0', 1, B'1', B'0', 1, NOW()),
    (2, 2, 'VEN-SKIN-002', 'Jabon Facial Centella', 'jabon-facial-centella', 'Limpieza facial de uso diario.', 'Jabon Facial Centella Regenera Y Reafirma La Piel.', 'Jabon', 12000.00, 12000.00, 0.00, 100, B'0', B'0', 2, B'1', B'0', 1, NOW()),
    (3, 2, 'VEN-SKIN-003', 'Jabon Facial Vitamina C', 'jabon-facial-vitamina-c', 'Limpieza facial de uso diario.', 'Jabon Facial Vitamina C Anti Manchas.', 'Jabon', 12000.00, 12000.00, 0.00, 100, B'0', B'0', 3, B'1', B'0', 1, NOW()),
    (4, 2, 'VEN-SKIN-004', 'Jabon Facial Acido Salicilico', 'jabon-facial-acido-salicilico', 'Limpieza facial de uso diario.', 'Jabon Facial Acido Salicilico Anti Acne Piel Grasa - Mixta.', 'Jabon', 12000.00, 12000.00, 0.00, 100, B'0', B'0', 4, B'1', B'0', 1, NOW()),
    (5, 2, 'VEN-SKIN-005', 'Jabon Facial Arroz', 'jabon-facial-arroz', 'Limpieza facial de uso diario.', 'Jabon Facial Arroz Empareja El Tono De La Piel.', 'Jabon', 12000.00, 12000.00, 0.00, 100, B'0', B'0', 5, B'1', B'0', 1, NOW()),
    (6, 2, 'VEN-SKIN-006', 'Parches Colageno Ojeras Retinol X 80', 'parches-colageno-ojeras-retinol-x-80', 'Cuidado puntual para la zona de ojeras o granitos.', 'Parches Colageno Ojeras Retinol X 80.', 'Parches', 14000.00, 14000.00, 0.00, 100, B'0', B'0', 6, B'1', B'0', 1, NOW()),
    (7, 2, 'VEN-SKIN-007', 'Parches Colageno Ojeras Vitamina C X80', 'parches-colageno-ojeras-vitamina-c-x80', 'Cuidado puntual para la zona de ojeras o granitos.', 'Parches Colageno Ojeras Vitamina C X80.', 'Parches', 14000.00, 14000.00, 0.00, 100, B'0', B'0', 7, B'1', B'0', 1, NOW()),
    (8, 2, 'VEN-SKIN-008', 'Aceite Limpiador Facial Niacinamina', 'aceite-limpiador-facial-niacinamina', 'Limpieza facial con acabado suave.', 'Aceite Limpiador Facial Niacinamina.', 'Limpieza', 14000.00, 14000.00, 0.00, 100, B'0', B'0', 8, B'1', B'0', 1, NOW()),
    (9, 2, 'VEN-SKIN-009', 'Mascarilla Nasal Puntos Negros', 'mascarilla-nasal-puntos-negros', 'Apoyo para limpieza de puntos negros.', 'Mascarilla Nasal Puntos Negros.', 'Mascarilla', 10000.00, 10000.00, 0.00, 100, B'0', B'0', 9, B'1', B'0', 1, NOW()),
    (10, 2, 'VEN-SKIN-010', 'Espuma Limpiadora Arroz', 'espuma-limpiadora-arroz', 'Limpieza facial diaria.', 'Espuma Limpiadora Arroz.', 'Limpieza', 14000.00, 14000.00, 0.00, 100, B'0', B'0', 10, B'1', B'0', 1, NOW()),
    (11, 2, 'VEN-SKIN-011', 'Kit Arroz X5', 'kit-arroz-x5', 'Set listo para rutina de arroz.', 'Kit Arroz X5.', 'Kit', 39000.00, 39000.00, 0.00, 100, B'0', B'0', 11, B'1', B'0', 1, NOW()),
    (12, 2, 'VEN-SKIN-012', 'Kit Vitamina C X5', 'kit-vitamina-c-x5', 'Set listo para rutina con vitamina C.', 'Kit Vitamina C X5.', 'Kit', 39900.00, 39900.00, 0.00, 100, B'1', B'0', 12, B'1', B'0', 1, NOW()),
    (13, 2, 'VEN-SKIN-013', 'Mascarillas Faciales', 'mascarillas-faciales', 'Unidad para cuidado facial.', 'Mascarillas Faciales.', 'Mascarilla', 2000.00, 2000.00, 0.00, 100, B'0', B'0', 13, B'1', B'0', 1, NOW()),
    (14, 2, 'VEN-SKIN-014', 'Tratamiento Pestañas', 'tratamiento-pestanas', 'Cuidado cosmetico para fortalecer pestañas.', 'Tratamiento Pestañas.', 'Tratamiento', 10000.00, 10000.00, 0.00, 100, B'0', B'0', 14, B'1', B'0', 1, NOW()),
    (15, 2, 'VEN-SKIN-015', 'Serum Facial Rosas', 'serum-facial-rosas', 'Paso de hidratacion y preparacion de la piel.', 'Serum Facial Rosas Hidrata E Ilumina La Piel.', 'Skincare', 8000.00, 8000.00, 0.00, 100, B'0', B'0', 15, B'1', B'0', 1, NOW()),
    (16, 2, 'VEN-SKIN-016', 'Contorno De Ojos Vitamina C', 'contorno-de-ojos-vitamina-c', 'Cuidado para la zona del contorno.', 'Contorno De Ojos Vitamina C.', 'Contorno', 7000.00, 7000.00, 0.00, 100, B'0', B'0', 16, B'1', B'0', 1, NOW()),
    (17, 2, 'VEN-SKIN-017', 'Contorno De Ojos Centella Asiatica', 'contorno-de-ojos-centella-asiatica', 'Cuidado para la zona del contorno.', 'Contorno De Ojos Centella Asiatica.', 'Contorno', 7000.00, 7000.00, 0.00, 100, B'0', B'0', 17, B'1', B'0', 1, NOW()),
    (18, 2, 'VEN-SKIN-018', 'Colageno Y Labios Ojeras Unidad Vitamina C', 'colageno-y-labios-ojeras-unidad-vitamina-c', 'Presentacion individual para labios y ojeras.', 'Colageno Y Labios Ojeras Unidad Vitamina C.', 'Labios', 1000.00, 1000.00, 0.00, 100, B'0', B'0', 18, B'1', B'0', 1, NOW()),
    (19, 2, 'VEN-SKIN-019', 'Suero Facial Dolce Bella', 'suero-facial-dolce-bella', 'Paso de hidratacion y preparacion de la piel.', 'Suero Facial Dolce Bella Hidrata Y Prepara La Piel Antes Del Maquillaje.', 'Skincare', 24000.00, 24000.00, 0.00, 100, B'1', B'0', 19, B'1', B'0', 1, NOW()),
    (20, 2, 'VEN-SKIN-020', 'Tonico Rosas Dolce Bella', 'tonico-rosas-dolce-bella', 'Paso de preparacion para la rutina facial.', 'Tonico Rosas Dolce Bella Hidrata Y Prepara La Piel Antes Del Maquillaje.', 'Skincare', 25000.00, 25000.00, 0.00, 100, B'0', B'0', 20, B'1', B'0', 1, NOW()),
    (21, 1, 'VEN-MAQ-001', 'Pestañina Prosa Maxi Volumen Silicon', 'pestanina-prosa-maxi-volumen-silicon', 'Mascara para definir y alargar pestañas.', 'Pestañina Prosa Maxi Volumen Silicon.', 'Pestanias', 20000.00, 20000.00, 0.00, 100, B'0', B'0', 21, B'1', B'0', 1, NOW()),
    (22, 1, 'VEN-MAQ-002', 'Pestañina Prosa Profesional Silicon', 'pestanina-prosa-profesional-silicon', 'Mascara para definir y alargar pestañas.', 'Pestañina Prosa Profesional Silicon.', 'Pestanias', 20000.00, 20000.00, 0.00, 100, B'0', B'0', 22, B'1', B'0', 1, NOW()),
    (23, 1, 'VEN-MAQ-003', 'Pestañina Prosa Profesional', 'pestanina-prosa-profesional', 'Mascara para definir y alargar pestañas.', 'Pestañina Prosa Profesional.', 'Pestanias', 20000.00, 20000.00, 0.00, 100, B'0', B'0', 23, B'1', B'0', 1, NOW()),
    (24, 1, 'VEN-MAQ-004', 'Pestañina Prosa Micro Fibras', 'pestanina-prosa-micro-fibras', 'Mascara para definir y alargar pestañas.', 'Pestañina Prosa Micro Fibras.', 'Pestanias', 20000.00, 20000.00, 0.00, 100, B'0', B'0', 24, B'1', B'0', 1, NOW()),
    (25, 1, 'VEN-MAQ-005', 'Pestañina Prosa Maxi Volumen', 'pestanina-prosa-maxi-volumen', 'Mascara para definir y alargar pestañas.', 'Pestañina Prosa Maxi Volumen.', 'Pestanias', 20000.00, 20000.00, 0.00, 100, B'0', B'0', 25, B'1', B'0', 1, NOW()),
    (26, 1, 'VEN-MAQ-006', 'Pestañina Prosa Profesional Silicon Café', 'pestanina-prosa-profesional-silicon-cafe', 'Mascara para definir y alargar pestañas.', 'Pestañina Prosa Profesional Silicon Café.', 'Pestanias', 20000.00, 20000.00, 0.00, 100, B'0', B'0', 26, B'1', B'0', 1, NOW()),
    (27, 3, 'VEN-ACC-001', 'Encrespador Lula', 'encrespador-lula', 'Accesorio para definir pestañas.', 'Encrespador Lula.', 'Accesorio', 12000.00, 12000.00, 0.00, 100, B'0', B'0', 27, B'1', B'0', 1, NOW()),
    (28, 1, 'VEN-MAQ-007', 'Gel Cejas Melu', 'gel-cejas-melu', 'Definicion y fijacion para cejas.', 'Gel Cejas Melu.', 'Cejas', 20000.00, 20000.00, 0.00, 100, B'0', B'0', 28, B'1', B'0', 1, NOW()),
    (29, 1, 'VEN-MAQ-008', 'Gel Cejas Montoc', 'gel-cejas-montoc', 'Definicion y fijacion para cejas.', 'Gel Cejas Montoc.', 'Cejas', 25000.00, 25000.00, 0.00, 100, B'0', B'0', 29, B'1', B'0', 1, NOW()),
    (30, 1, 'VEN-MAQ-009', 'Pestañina Anik Flash Lash', 'pestanina-anik-flash-lash', 'Mascara para definir y alargar pestañas.', 'Pestañina Anik Flash Lash Efecto Largo Aprueba De Agua.', 'Pestanias', 23000.00, 23000.00, 0.00, 100, B'0', B'0', 30, B'1', B'0', 1, NOW()),
    (31, 1, 'VEN-MAQ-010', 'Delineador Negro Plumon', 'delineador-negro-plumon', 'Trazo de alta precision.', 'Delineador Negro Plumon.', 'Delineador', 10000.00, 10000.00, 0.00, 100, B'0', B'0', 31, B'1', B'0', 1, NOW()),
    (32, 1, 'VEN-MAQ-011', 'Betun De Cejas Doble Dreams', 'betun-de-cejas-doble-dreams', 'Definicion y fijacion para cejas.', 'Betun De Cejas Doble Dreams.', 'Cejas', 10000.00, 10000.00, 0.00, 100, B'0', B'0', 32, B'1', B'0', 1, NOW()),
    (33, 1, 'VEN-MAQ-012', 'Bloom Definer Bloomshel Lapiz Para Cejas Con Cepillo', 'bloom-definer-bloomshel-lapiz-para-cejas-con-cepillo', 'Definicion y fijacion para cejas.', 'Bloom Definer Bloomshel Lapiz Para Cejas Con Cepillo.', 'Cejas', 12000.00, 12000.00, 0.00, 100, B'0', B'0', 33, B'1', B'0', 1, NOW()),
    (34, 1, 'VEN-MAQ-013', 'Primer Cream Rosa Bloomshel', 'primer-cream-rosa-bloomshel', 'Preparacion previa al maquillaje.', 'Primer Cream Rosa Bloomshel.', 'Primer', 25000.00, 25000.00, 0.00, 100, B'0', B'0', 34, B'1', B'0', 1, NOW()),
    (35, 1, 'VEN-MAQ-014', 'Plumping Primer Bloomshel', 'plumping-primer-bloomshel', 'Preparacion previa al maquillaje.', 'Plumping Primer Bloomshel.', 'Primer', 24000.00, 24000.00, 0.00, 100, B'0', B'0', 35, B'1', B'0', 1, NOW()),
    (36, 1, 'VEN-MAQ-015', 'Primer Cream Morado Bloomshel', 'primer-cream-morado-bloomshel', 'Preparacion previa al maquillaje.', 'Primer Cream Morado Bloomshel.', 'Primer', 25000.00, 25000.00, 0.00, 100, B'0', B'0', 36, B'1', B'0', 1, NOW()),
    (37, 3, 'VEN-ACC-002', 'Puff Primer Bloomshel', 'puff-primer-bloomshel', 'Preparacion previa al maquillaje.', 'Puff Primer Bloomshel.', 'Primer', 24000.00, 24000.00, 0.00, 100, B'0', B'0', 37, B'1', B'0', 1, NOW()),
    (38, 2, 'VEN-SKIN-021', 'Gel Hidratante Girly', 'gel-hidratante-girly', 'Textura ligera para hidratacion.', 'Gel Hidratante Girly.', 'Skincare', 30000.00, 30000.00, 0.00, 100, B'0', B'0', 38, B'1', B'0', 1, NOW()),
    (39, 1, 'VEN-MAQ-016', 'Fijador Lula', 'fijador-lula', 'Fijacion para prolongar el maquillaje.', 'Fijador Lula.', 'Fijador', 18000.00, 18000.00, 0.00, 100, B'0', B'0', 39, B'1', B'0', 1, NOW()),
    (40, 1, 'VEN-MAQ-017', 'Fijador Montoc 30ML', 'fijador-montoc-30ml', 'Fijacion para prolongar el maquillaje.', 'Fijador Montoc 30ML.', 'Fijador', 25000.00, 25000.00, 0.00, 100, B'0', B'0', 40, B'1', B'0', 1, NOW()),
    (41, 1, 'VEN-MAQ-018', 'Fijador Montoc 80ML', 'fijador-montoc-80ml', 'Fijacion para prolongar el maquillaje.', 'Fijador Montoc 80ML.', 'Fijador', 40000.00, 40000.00, 0.00, 100, B'0', B'0', 41, B'1', B'0', 1, NOW()),
    (42, 1, 'VEN-MAQ-019', 'Fijador Dreams', 'fijador-dreams', 'Fijacion para prolongar el maquillaje.', 'Fijador Dreams.', 'Fijador', 15000.00, 15000.00, 0.00, 100, B'0', B'0', 42, B'1', B'0', 1, NOW()),
    (43, 1, 'VEN-MAQ-020', 'Fijador Naba 60ML', 'fijador-naba-60ml', 'Fijacion para prolongar el maquillaje.', 'Fijador Naba 60ML.', 'Fijador', 28000.00, 28000.00, 0.00, 100, B'0', B'0', 43, B'1', B'0', 1, NOW()),
    (44, 1, 'VEN-MAQ-021', 'Fijador Naba 120ML', 'fijador-naba-120ml', 'Fijacion para prolongar el maquillaje.', 'Fijador Naba 120ML.', 'Fijador', 42000.00, 42000.00, 0.00, 100, B'0', B'0', 44, B'1', B'0', 1, NOW()),
    (45, 2, 'VEN-SKIN-022', 'Protector Solar', 'protector-solar', 'Proteccion diaria para la piel.', 'Protector Solar.', 'Protector', 38000.00, 38000.00, 0.00, 100, B'1', B'0', 45, B'1', B'0', 1, NOW()),
    (46, 1, 'VEN-MAQ-022', 'Base Aqua Smooth', 'base-aqua-smooth', 'Cobertura para unificar el tono.', 'Base Aqua Smooth Piel De Filtro.', 'Base', 35000.00, 35000.00, 0.00, 100, B'1', B'0', 46, B'1', B'0', 1, NOW()),
    (47, 1, 'VEN-MAQ-023', 'Base Lula', 'base-lula', 'Cobertura para unificar el tono.', 'Base Lula.', 'Base', 24000.00, 24000.00, 0.00, 100, B'0', B'0', 47, B'1', B'0', 1, NOW()),
    (48, 1, 'VEN-MAQ-024', 'Base Truly Matte', 'base-truly-matte', 'Cobertura para unificar el tono.', 'Base Truly Matte.', 'Base', 33000.00, 33000.00, 0.00, 100, B'0', B'0', 48, B'1', B'0', 1, NOW()),
    (49, 1, 'VEN-MAQ-025', 'Base Cushion Bloomshel', 'base-cushion-bloomshel', 'Cobertura para unificar el tono.', 'Base Cushion Bloomshel.', 'Base', 32000.00, 32000.00, 0.00, 100, B'1', B'0', 49, B'1', B'0', 1, NOW()),
    (50, 1, 'VEN-MAQ-026', 'Base Y Corrector Bloomshel', 'base-y-corrector-bloomshel', 'Cobertura para unificar el tono.', 'Base Y Corrector Bloomshel.', 'Base', 35000.00, 35000.00, 0.00, 100, B'0', B'0', 50, B'1', B'0', 1, NOW()),
    (51, 1, 'VEN-MAQ-027', 'Bloom Control Grasa', 'bloom-control-grasa', 'Ayuda a controlar brillo y grasa.', 'Bloom Control Grasa.', 'Maquillaje', 24000.00, 24000.00, 0.00, 100, B'0', B'0', 51, B'1', B'0', 1, NOW()),
    (52, 1, 'VEN-MAQ-028', 'Primer Poros Invisibles', 'primer-poros-invisibles', 'Preparacion previa al maquillaje.', 'Primer Poros Invisibles.', 'Primer', 20000.00, 20000.00, 0.00, 100, B'0', B'0', 52, B'1', B'0', 1, NOW()),
    (53, 1, 'VEN-MAQ-029', 'Polvo Rosado Montoc', 'polvo-rosado-montoc', 'Sellado ligero para el maquillaje.', 'Polvo Rosado Montoc.', 'Polvo', 40000.00, 40000.00, 0.00, 100, B'0', B'0', 53, B'1', B'0', 1, NOW()),
    (54, 1, 'VEN-MAQ-030', 'Polvo Suelto Raquel', 'polvo-suelto-raquel', 'Sellado ligero para el maquillaje.', 'Polvo Suelto Raquel.', 'Polvo', 23000.00, 23000.00, 0.00, 100, B'0', B'0', 54, B'1', B'0', 1, NOW()),
    (55, 1, 'VEN-MAQ-031', 'Polvos Banana Trendy', 'polvos-banana-trendy', 'Sellado ligero para el maquillaje.', 'Polvos Banana Trendy.', 'Polvo', 15000.00, 15000.00, 0.00, 100, B'1', B'0', 55, B'1', B'0', 1, NOW()),
    (56, 1, 'VEN-MAQ-032', 'Polvo Bloom Filter Grande', 'polvo-bloom-filter-grande', 'Sellado ligero para el maquillaje.', 'Polvo Bloom Filter Grande.', 'Polvo', 38000.00, 38000.00, 0.00, 100, B'0', B'0', 56, B'1', B'0', 1, NOW()),
    (57, 1, 'VEN-MAQ-033', 'Polvo Suelto Majikal', 'polvo-suelto-majikal', 'Sellado ligero para el maquillaje.', 'Polvo Suelto Majikal.', 'Polvo', 45000.00, 45000.00, 0.00, 100, B'0', B'0', 57, B'1', B'0', 1, NOW()),
    (58, 1, 'VEN-MAQ-034', 'Contorno Crema Star', 'contorno-crema-star', 'Definicion para rostro.', 'Contorno Crema Star.', 'Contorno', 15000.00, 15000.00, 0.00, 100, B'0', B'0', 58, B'1', B'0', 1, NOW()),
    (59, 1, 'VEN-MAQ-035', 'Contorno Liquido Anik Tono 02', 'contorno-liquido-anik-tono-02', 'Definicion para rostro.', 'Contorno Liquido Anik Tono 02.', 'Contorno', 25000.00, 25000.00, 0.00, 100, B'0', B'0', 59, B'1', B'0', 1, NOW()),
    (60, 1, 'VEN-MAQ-036', 'Contorno En Barra De Chocolate', 'contorno-en-barra-de-chocolate', 'Definicion para rostro.', 'Contorno En Barra De Chocolate.', 'Contorno', 15000.00, 15000.00, 0.00, 100, B'0', B'0', 60, B'1', B'0', 1, NOW()),
    (61, 1, 'VEN-MAQ-037', 'Contorno Barra Bloomshel Tono Bronzy 02', 'contorno-barra-bloomshel-tono-bronzy-02', 'Definicion para rostro.', 'Contorno Barra Bloomshel Tono Bronzy 02.', 'Contorno', 27000.00, 27000.00, 0.00, 100, B'0', B'0', 61, B'1', B'0', 1, NOW()),
    (62, 1, 'VEN-MAQ-038', 'Corrector Lula', 'corrector-lula', 'Cobertura puntual para imperfecciones.', 'Corrector Lula.', 'Corrector', 16000.00, 16000.00, 0.00, 100, B'0', B'0', 62, B'1', B'0', 1, NOW()),
    (63, 1, 'VEN-MAQ-039', 'Corrector OG', 'corrector-og', 'Cobertura puntual para imperfecciones.', 'Corrector OG.', 'Corrector', 28000.00, 28000.00, 0.00, 100, B'0', B'0', 63, B'1', B'0', 1, NOW()),
    (64, 1, 'VEN-MAQ-040', 'Corrector Anik', 'corrector-anik', 'Cobertura puntual para imperfecciones.', 'Corrector Anik.', 'Corrector', 22000.00, 22000.00, 0.00, 100, B'0', B'0', 64, B'1', B'0', 1, NOW()),
    (65, 1, 'VEN-MAQ-041', 'Corrector Bloomshel 20ML', 'corrector-bloomshel-20ml', 'Cobertura puntual para imperfecciones.', 'Corrector Bloomshel 20ML.', 'Corrector', 32000.00, 32000.00, 0.00, 100, B'0', B'0', 65, B'1', B'0', 1, NOW()),
    (66, 1, 'VEN-MAQ-042', 'Corrector Bloomshel 10ML', 'corrector-bloomshel-10ml', 'Cobertura puntual para imperfecciones.', 'Corrector Bloomshel 10ML.', 'Corrector', 22000.00, 22000.00, 0.00, 100, B'0', B'0', 66, B'1', B'0', 1, NOW()),
    (67, 1, 'VEN-MAQ-043', 'Corrector Majikal', 'corrector-majikal', 'Cobertura puntual para imperfecciones.', 'Corrector Majikal.', 'Corrector', 35000.00, 35000.00, 0.00, 100, B'0', B'0', 67, B'1', B'0', 1, NOW()),
    (68, 1, 'VEN-MAQ-044', 'Corrector Aura', 'corrector-aura', 'Cobertura puntual para imperfecciones.', 'Corrector Aura.', 'Corrector', 20000.00, 20000.00, 0.00, 100, B'0', B'0', 68, B'1', B'0', 1, NOW()),
    (69, 1, 'VEN-MAQ-045', 'Rubor Donut Trendy', 'rubor-donut-trendy', 'Color para mejillas.', 'Rubor Donut Trendy.', 'Rubor', 12000.00, 12000.00, 0.00, 100, B'1', B'0', 69, B'1', B'0', 1, NOW()),
    (70, 1, 'VEN-MAQ-046', 'Rubor Eclipse Trendy', 'rubor-eclipse-trendy', 'Color para mejillas.', 'Rubor Eclipse Trendy.', 'Rubor', 10000.00, 10000.00, 0.00, 100, B'0', B'0', 70, B'1', B'0', 1, NOW()),
    (71, 1, 'VEN-MAQ-047', 'Rubor Velvet Crush Bloomshel', 'rubor-velvet-crush-bloomshel', 'Color para mejillas.', 'Rubor Velvet Crush Bloomshel.', 'Rubor', 36000.00, 36000.00, 0.00, 100, B'0', B'0', 71, B'1', B'0', 1, NOW()),
    (72, 1, 'VEN-MAQ-048', 'Rubor Atenea Sublime', 'rubor-atenea-sublime', 'Color para mejillas.', 'Rubor Atenea Sublime.', 'Rubor', 35000.00, 35000.00, 0.00, 100, B'1', B'0', 72, B'1', B'0', 1, NOW()),
    (73, 1, 'VEN-MAQ-049', 'Rubor En Polvo Anik', 'rubor-en-polvo-anik', 'Sellado ligero para el maquillaje.', 'Rubor En Polvo Anik.', 'Polvo', 20000.00, 20000.00, 0.00, 100, B'0', B'0', 73, B'1', B'0', 1, NOW()),
    (74, 1, 'VEN-MAQ-050', 'Rubor E Iluminador Lula Tono 01', 'rubor-e-iluminador-lula-tono-01', 'Color para mejillas.', 'Rubor E Iluminador Lula Tono 01.', 'Rubor', 20000.00, 20000.00, 0.00, 100, B'0', B'0', 74, B'1', B'0', 1, NOW()),
    (75, 1, 'VEN-MAQ-051', 'Rubor Crema Bloomshel', 'rubor-crema-bloomshel', 'Color para mejillas.', 'Rubor Crema Bloomshel.', 'Rubor', 27000.00, 27000.00, 0.00, 100, B'0', B'0', 75, B'1', B'0', 1, NOW()),
    (76, 1, 'VEN-MAQ-052', 'Rubor Star Trendy', 'rubor-star-trendy', 'Color para mejillas.', 'Rubor Star Trendy.', 'Rubor', 15000.00, 15000.00, 0.00, 100, B'0', B'0', 76, B'1', B'0', 1, NOW()),
    (77, 1, 'VEN-MAQ-053', 'Contorno Y Rubor Bakery', 'contorno-y-rubor-bakery', 'Definicion para rostro.', 'Contorno Y Rubor Bakery.', 'Contorno', 15000.00, 15000.00, 0.00, 100, B'0', B'0', 77, B'1', B'0', 1, NOW()),
    (78, 1, 'VEN-MAQ-054', 'Lapiz Ojos Trendy', 'lapiz-ojos-trendy', 'Producto de maquillaje.', 'Lapiz Ojos Trendy.', 'Maquillaje', 5000.00, 5000.00, 0.00, 100, B'0', B'0', 78, B'1', B'0', 1, NOW()),
    (79, 1, 'VEN-MAQ-055', 'Iluminador Lula', 'iluminador-lula', 'Brillo para puntos altos del rostro.', 'Iluminador Lula.', 'Iluminador', 15000.00, 15000.00, 0.00, 100, B'0', B'0', 79, B'1', B'0', 1, NOW()),
    (80, 1, 'VEN-MAQ-056', 'Contornos E Iluminadores Atenea', 'contornos-e-iluminadores-atenea', 'Definicion para rostro.', 'Contornos E Iluminadores Atenea.', 'Contorno', 55000.00, 55000.00, 0.00, 100, B'0', B'0', 80, B'1', B'0', 1, NOW()),
    (81, 3, 'VEN-ACC-003', 'Brochas X5 Bloom', 'brochas-x5-bloom', 'Set de brochas para aplicacion.', 'Brochas X5 Bloom.', 'Brochas', 25000.00, 25000.00, 0.00, 100, B'0', B'0', 81, B'1', B'0', 1, NOW()),
    (82, 3, 'VEN-ACC-004', 'Kit Brochas Trendy', 'kit-brochas-trendy', 'Set de brochas para aplicacion.', 'Kit Brochas Trendy.', 'Brochas', 75000.00, 75000.00, 0.00, 100, B'1', B'0', 82, B'1', B'0', 1, NOW()),
    (83, 1, 'VEN-MAQ-057', 'Gloss Mocca Trendy', 'gloss-mocca-trendy', 'Producto para labios con acabado brillante o hidratante.', 'Gloss Mocca Trendy.', 'Labios', 20000.00, 20000.00, 0.00, 100, B'1', B'0', 83, B'1', B'0', 1, NOW()),
    (84, 1, 'VEN-MAQ-058', 'Gloss Aura Trendy', 'gloss-aura-trendy', 'Producto para labios con acabado brillante o hidratante.', 'Gloss Aura Trendy.', 'Labios', 20000.00, 20000.00, 0.00, 100, B'0', B'0', 84, B'1', B'0', 1, NOW()),
    (85, 1, 'VEN-MAQ-059', 'Brillo De Labios Lip Oil Gloss Tinta', 'brillo-de-labios-lip-oil-gloss-tinta', 'Producto para labios con acabado brillante o hidratante.', 'Brillo De Labios Lip Oil Gloss Tinta.', 'Labios', 15000.00, 15000.00, 0.00, 100, B'0', B'0', 85, B'1', B'0', 1, NOW()),
    (86, 1, 'VEN-MAQ-060', 'Brillo Reparador Rosas Trendy', 'brillo-reparador-rosas-trendy', 'Producto para labios con acabado brillante o hidratante.', 'Brillo Reparador Rosas Trendy.', 'Labios', 5000.00, 5000.00, 0.00, 100, B'0', B'0', 86, B'1', B'0', 1, NOW()),
    (87, 1, 'VEN-MAQ-061', 'Voluminizador De Labios Trendy', 'voluminizador-de-labios-trendy', 'Producto para labios con acabado brillante o hidratante.', 'Voluminizador De Labios Trendy.', 'Labios', 12000.00, 12000.00, 0.00, 100, B'0', B'0', 87, B'1', B'0', 1, NOW()),
    (88, 1, 'VEN-MAQ-062', 'Delineador De Labios Trendy', 'delineador-de-labios-trendy', 'Producto para labios con acabado brillante o hidratante.', 'Delineador De Labios Trendy.', 'Labios', 8000.00, 8000.00, 0.00, 100, B'0', B'0', 88, B'1', B'0', 1, NOW()),
    (89, 1, 'VEN-MAQ-063', 'Gloss Fat Oil', 'gloss-fat-oil', 'Producto para labios con acabado brillante o hidratante.', 'Gloss Fat Oil.', 'Labios', 6000.00, 6000.00, 0.00, 100, B'0', B'0', 89, B'1', B'0', 1, NOW()),
    (90, 1, 'VEN-MAQ-064', 'Gloss XL Bloomshel', 'gloss-xl-bloomshel', 'Producto para labios con acabado brillante o hidratante.', 'Gloss XL Bloomshel.', 'Labios', 25000.00, 25000.00, 0.00, 100, B'0', B'0', 90, B'1', B'0', 1, NOW()),
    (91, 1, 'VEN-MAQ-065', 'Bloom Lip Party', 'bloom-lip-party', 'Producto de maquillaje.', 'Bloom Lip Party.', 'Maquillaje', 15000.00, 15000.00, 0.00, 100, B'0', B'0', 91, B'1', B'0', 1, NOW()),
    (92, 1, 'VEN-MAQ-066', 'Bloom Gelei Tinta Gelatina', 'bloom-gelei-tinta-gelatina', 'Producto para labios con acabado brillante o hidratante.', 'Bloom Gelei Tinta Gelatina.', 'Labios', 15000.00, 15000.00, 0.00, 100, B'0', B'0', 92, B'1', B'0', 1, NOW()),
    (93, 3, 'VEN-ACC-005', 'Llavero Bloomshel Tinta Grande', 'llavero-bloomshel-tinta-grande', 'Accesorio coleccionable de la marca.', 'Llavero Bloomshel Tinta Grande.', 'Accesorio', 27000.00, 27000.00, 0.00, 100, B'0', B'0', 93, B'1', B'0', 1, NOW()),
    (94, 3, 'VEN-ACC-006', 'Llavero Bloomshel Gloss Grande', 'llavero-bloomshel-gloss-grande', 'Accesorio coleccionable de la marca.', 'Llavero Bloomshel Gloss Grande.', 'Accesorio', 27000.00, 27000.00, 0.00, 100, B'0', B'0', 94, B'1', B'0', 1, NOW()),
    (95, 1, 'VEN-MAQ-067', 'Bloom Kiss Bloomshel', 'bloom-kiss-bloomshel', 'Producto de maquillaje.', 'Bloom Kiss Bloomshel.', 'Maquillaje', 12000.00, 12000.00, 0.00, 100, B'0', B'0', 95, B'1', B'0', 1, NOW()),
    (96, 1, 'VEN-MAQ-068', 'Lip Oil Atenea Cherry', 'lip-oil-atenea-cherry', 'Producto para labios con acabado brillante o hidratante.', 'Lip Oil Atenea Cherry.', 'Labios', 30000.00, 30000.00, 0.00, 100, B'1', B'0', 96, B'1', B'0', 1, NOW()),
    (97, 1, 'VEN-MAQ-069', 'Tinta Sugar Bloomshel', 'tinta-sugar-bloomshel', 'Producto para labios con acabado brillante o hidratante.', 'Tinta Sugar Bloomshel.', 'Labios', 10000.00, 10000.00, 0.00, 100, B'0', B'0', 97, B'1', B'0', 1, NOW()),
    (98, 2, 'VEN-SKIN-023', 'Papelitos Arroz Bloomshel X100 Unidades', 'papelitos-arroz-bloomshel-x100-unidades', 'Ayuda a retirar el exceso de grasa.', 'Papelitos Arroz Bloomshel X100 Unidades Absorbe El Exceso De Grasa.', 'Skincare', 8000.00, 8000.00, 0.00, 100, B'0', B'0', 98, B'1', B'0', 1, NOW()),
    (99, 2, 'VEN-SKIN-024', 'Bloom Cute 24 Unidades', 'bloom-cute-24-unidades', 'Cuidado puntual para la zona de ojeras o granitos.', 'Bloom Cute 24 Unidades.', 'Parches', 10000.00, 10000.00, 0.00, 100, B'0', B'0', 99, B'1', B'0', 1, NOW()),
    (100, 2, 'VEN-SKIN-025', 'Bloom Bye X24 Unidades', 'bloom-bye-x24-unidades', 'Cuidado puntual para la zona de ojeras o granitos.', 'Bloom Bye X24 Unidades.', 'Parches', 10000.00, 10000.00, 0.00, 100, B'0', B'0', 100, B'1', B'0', 1, NOW()),
    (101, 1, 'VEN-MAQ-070', 'Lip Gloss Color', 'lip-gloss-color', 'Producto para labios con acabado brillante o hidratante.', 'Lip Gloss Color.', 'Labios', 12000.00, 12000.00, 0.00, 100, B'0', B'0', 101, B'1', B'0', 1, NOW()),
    (102, 1, 'VEN-MAQ-071', 'Lip Gloss Mentolado Cappuvini', 'lip-gloss-mentolado-cappuvini', 'Producto para labios con acabado brillante o hidratante.', 'Lip Gloss Mentolado Cappuvini.', 'Labios', 10000.00, 10000.00, 0.00, 100, B'0', B'0', 102, B'1', B'0', 1, NOW()),
    (103, 1, 'VEN-MAQ-072', 'Hidratante Con Color Cappuvini', 'hidratante-con-color-cappuvini', 'Producto de maquillaje.', 'Hidratante Con Color Cappuvini.', 'Maquillaje', 8000.00, 8000.00, 0.00, 100, B'0', B'0', 103, B'1', B'0', 1, NOW()),
    (104, 1, 'VEN-MAQ-073', 'Gloss Conejo Cappuvini', 'gloss-conejo-cappuvini', 'Producto para labios con acabado brillante o hidratante.', 'Gloss Conejo Cappuvini.', 'Labios', 10000.00, 10000.00, 0.00, 100, B'0', B'0', 104, B'1', B'0', 1, NOW()),
    (105, 1, 'VEN-MAQ-074', 'Lip Gloss Gege Bear X3', 'lip-gloss-gege-bear-x3', 'Producto para labios con acabado brillante o hidratante.', 'Lip Gloss Gege Bear X3.', 'Labios', 24000.00, 24000.00, 0.00, 100, B'0', B'0', 105, B'1', B'0', 1, NOW()),
    (106, 1, 'VEN-MAQ-075', 'Lip Gloss Gege Bear Unidad', 'lip-gloss-gege-bear-unidad', 'Producto para labios con acabado brillante o hidratante.', 'Lip Gloss Gege Bear Unidad.', 'Labios', 8000.00, 8000.00, 0.00, 100, B'0', B'0', 106, B'1', B'0', 1, NOW()),
    (107, 1, 'VEN-MAQ-076', 'Gloss Shiny Ushas', 'gloss-shiny-ushas', 'Producto para labios con acabado brillante o hidratante.', 'Gloss Shiny Ushas.', 'Labios', 8000.00, 8000.00, 0.00, 100, B'0', B'0', 107, B'1', B'0', 1, NOW()),
    (108, 1, 'VEN-MAQ-077', 'Labial Hidratante Mate', 'labial-hidratante-mate', 'Producto de maquillaje.', 'Labial Hidratante Mate.', 'Maquillaje', 10000.00, 10000.00, 0.00, 100, B'0', B'0', 108, B'1', B'0', 1, NOW()),
    (109, 3, 'VEN-ACC-007', 'Bloom Puff', 'bloom-puff', 'Accesorio para aplicacion y difuminado.', 'Bloom Puff.', 'Accesorio', 6000.00, 6000.00, 0.00, 100, B'0', B'0', 109, B'1', B'0', 1, NOW()),
    (110, 3, 'VEN-ACC-008', 'Borlas X2', 'borlas-x2', 'Accesorio para aplicacion y difuminado.', 'Borlas X2.', 'Accesorio', 5000.00, 5000.00, 0.00, 100, B'0', B'0', 110, B'1', B'0', 1, NOW()),
    (111, 3, 'VEN-ACC-009', 'Beauty Blender Bloomshel', 'beauty-blender-bloomshel', 'Accesorio para aplicacion y difuminado.', 'Beauty Blender Bloomshel.', 'Accesorio', 5000.00, 5000.00, 0.00, 100, B'1', B'0', 111, B'1', B'0', 1, NOW());

      -- Imagen principal por producto.
      INSERT INTO public.producto_imagenes
(
    producto_imagen_id,
    producto_id,
    imagen_url,
    recurso_visual,
    texto_alternativo,
    sw_principal,
    orden,
    estado,
    borrado,
    usuario_creacion,
    fecha_creacion
)
      VALUES
    (1, 1, '/public/uploads/tienda/productos/jabon%20facial%20rosas%20bioaqua.webp', NULL, 'Jabon Facial Rosas', B'1', 1, B'1', B'0', 1, NOW()),
    (2, 2, '/public/uploads/tienda/productos/jabon%20facial%20centella.webp', NULL, 'Jabon Facial Centella', B'1', 1, B'1', B'0', 1, NOW()),
    (3, 3, '/public/uploads/tienda/productos/Jabon-Vitamina-C-Bioaqua.webp', NULL, 'Jabon Facial Vitamina C', B'1', 1, B'1', B'0', 1, NOW()),
    (4, 4, '/public/uploads/tienda/productos/jabon%20facial%20acido%20salicilico.webp', NULL, 'Jabon Facial Acido Salicilico', B'1', 1, B'1', B'0', 1, NOW()),
    (5, 5, '/public/uploads/tienda/productos/jabon%20facial%20arroz.webp', NULL, 'Jabon Facial Arroz', B'1', 1, B'1', B'0', 1, NOW()),
    (6, 6, '/public/uploads/tienda/productos/parches%20ojeras%20colageno.webp', NULL, 'Parches Colageno Ojeras Retinol X 80', B'1', 1, B'1', B'0', 1, NOW()),
    (7, 7, '/public/uploads/tienda/productos/parches%20ojeras.webp', NULL, 'Parches Colageno Ojeras Vitamina C X80', B'1', 1, B'1', B'0', 1, NOW()),
    (8, 8, '/public/uploads/tienda/productos/kit%20facial%20x5.webp', NULL, 'Aceite Limpiador Facial Niacinamina', B'1', 1, B'1', B'0', 1, NOW()),
    (9, 9, '/public/uploads/tienda/productos/mascarilla%20arroz%20puntos%20negros.jpg', NULL, 'Mascarilla Nasal Puntos Negros', B'1', 1, B'1', B'0', 1, NOW()),
    (10, 10, '/public/uploads/tienda/productos/jabon%20facial%20arroz.webp', NULL, 'Espuma Limpiadora Arroz', B'1', 1, B'1', B'0', 1, NOW()),
    (11, 11, '/public/uploads/tienda/productos/kit%20facial%20x5.webp', NULL, 'Kit Arroz X5', B'1', 1, B'1', B'0', 1, NOW()),
    (12, 12, '/public/uploads/tienda/productos/kit%20vitamina%20c%20x5.jpg', NULL, 'Kit Vitamina C X5', B'1', 1, B'1', B'0', 1, NOW()),
    (13, 13, '/public/uploads/tienda/productos/mascarilla%20arroz%20puntos%20negros.jpg', NULL, 'Mascarillas Faciales', B'1', 1, B'1', B'0', 1, NOW()),
    (14, 14, '/public/uploads/tienda/productos/tratamiento%20pesta%C3%B1as.jpg', NULL, 'Tratamiento Pestañas', B'1', 1, B'1', B'0', 1, NOW()),
    (15, 15, '/public/uploads/tienda/productos/sreum%20rosas.jpg', NULL, 'Serum Facial Rosas', B'1', 1, B'1', B'0', 1, NOW()),
    (16, 16, '/public/uploads/tienda/productos/contorno%20de%20ojos%20vitamina%20c.jpg', NULL, 'Contorno De Ojos Vitamina C', B'1', 1, B'1', B'0', 1, NOW()),
    (17, 17, '/public/uploads/tienda/productos/contorno%20de%20ojos.jpg', NULL, 'Contorno De Ojos Centella Asiatica', B'1', 1, B'1', B'0', 1, NOW()),
    (18, 18, '/public/uploads/tienda/productos/colageno%20de%20labios%20individual%20viyamina%20c.webp', NULL, 'Colageno Y Labios Ojeras Unidad Vitamina C', B'1', 1, B'1', B'0', 1, NOW()),
    (19, 19, '/public/uploads/tienda/productos/suero%20facial%20dolce%20bella.webp', NULL, 'Suero Facial Dolce Bella', B'1', 1, B'1', B'0', 1, NOW()),
    (20, 20, '/public/uploads/tienda/productos/tonico%20rosas%20dolce%20bella.jpg', NULL, 'Tonico Rosas Dolce Bella', B'1', 1, B'1', B'0', 1, NOW()),
    (21, 21, '/public/uploads/tienda/productos/pesta%C3%B1inas%20prosas.jpg', NULL, 'Pestañina Prosa Maxi Volumen Silicon', B'1', 1, B'1', B'0', 1, NOW()),
    (22, 22, '/public/uploads/tienda/productos/pesta%C3%B1inas%20prosas.jpg', NULL, 'Pestañina Prosa Profesional Silicon', B'1', 1, B'1', B'0', 1, NOW()),
    (23, 23, '/public/uploads/tienda/productos/pesta%C3%B1inas%20prosas.jpg', NULL, 'Pestañina Prosa Profesional', B'1', 1, B'1', B'0', 1, NOW()),
    (24, 24, '/public/uploads/tienda/productos/pesta%C3%B1inas%20prosas.jpg', NULL, 'Pestañina Prosa Micro Fibras', B'1', 1, B'1', B'0', 1, NOW()),
    (25, 25, '/public/uploads/tienda/productos/pesta%C3%B1inas%20prosas.jpg', NULL, 'Pestañina Prosa Maxi Volumen', B'1', 1, B'1', B'0', 1, NOW()),
    (26, 26, '/public/uploads/tienda/productos/pesta%C3%B1inas%20prosa%20cafe.jpg', NULL, 'Pestañina Prosa Profesional Silicon Café', B'1', 1, B'1', B'0', 1, NOW()),
    (27, 27, '/public/uploads/tienda/productos/escrespador.jpg', NULL, 'Encrespador Lula', B'1', 1, B'1', B'0', 1, NOW()),
    (28, 28, '/public/uploads/tienda/productos/gel%20cejas%20melu.jpg', NULL, 'Gel Cejas Melu', B'1', 1, B'1', B'0', 1, NOW()),
    (29, 29, '/public/uploads/tienda/productos/gel%20montoc.webp', NULL, 'Gel Cejas Montoc', B'1', 1, B'1', B'0', 1, NOW()),
    (30, 30, '/public/uploads/tienda/productos/pestaina%20anik%20flash.jpg', NULL, 'Pestañina Anik Flash Lash', B'1', 1, B'1', B'0', 1, NOW()),
    (31, 31, '/public/uploads/tienda/productos/delineador%20super%20black.png', NULL, 'Delineador Negro Plumon', B'1', 1, B'1', B'0', 1, NOW()),
    (32, 32, '/public/uploads/tienda/productos/betun%20cejas.jpg', NULL, 'Betun De Cejas Doble Dreams', B'1', 1, B'1', B'0', 1, NOW()),
    (33, 33, '/public/uploads/tienda/productos/lapiz%20cejas%20bloom.webp', NULL, 'Bloom Definer Bloomshel Lapiz Para Cejas Con Cepillo', B'1', 1, B'1', B'0', 1, NOW()),
    (34, 34, '/public/uploads/tienda/productos/primer%20rosa%20y%20morado.jpg', NULL, 'Primer Cream Rosa Bloomshel', B'1', 1, B'1', B'0', 1, NOW()),
    (35, 35, '/public/uploads/tienda/productos/primer%20pumpling.jpg', NULL, 'Plumping Primer Bloomshel', B'1', 1, B'1', B'0', 1, NOW()),
    (36, 36, '/public/uploads/tienda/productos/primer%20rosa%20y%20morado.jpg', NULL, 'Primer Cream Morado Bloomshel', B'1', 1, B'1', B'0', 1, NOW()),
    (37, 37, '/public/uploads/tienda/productos/bloom%20puff%20espuma.jpg', NULL, 'Puff Primer Bloomshel', B'1', 1, B'1', B'0', 1, NOW()),
    (38, 38, '/public/uploads/tienda/productos/gel%20girly.jpg', NULL, 'Gel Hidratante Girly', B'1', 1, B'1', B'0', 1, NOW()),
    (39, 39, '/public/uploads/tienda/productos/fijador%20lula.jpg', NULL, 'Fijador Lula', B'1', 1, B'1', B'0', 1, NOW()),
    (40, 40, '/public/uploads/tienda/productos/fijador%20montoc%2030ml.webp', NULL, 'Fijador Montoc 30ML', B'1', 1, B'1', B'0', 1, NOW()),
    (41, 41, '/public/uploads/tienda/productos/fijador%20montoc%2080ml.webp', NULL, 'Fijador Montoc 80ML', B'1', 1, B'1', B'0', 1, NOW()),
    (42, 42, '/public/uploads/tienda/productos/fojador%20trendy%20dreams.jpg', NULL, 'Fijador Dreams', B'1', 1, B'1', B'0', 1, NOW()),
    (43, 43, '/public/uploads/tienda/productos/fijador%20naba%2060ml.jpg', NULL, 'Fijador Naba 60ML', B'1', 1, B'1', B'0', 1, NOW()),
    (44, 44, '/public/uploads/tienda/productos/fijador%20naba%201120ml.jpg', NULL, 'Fijador Naba 120ML', B'1', 1, B'1', B'0', 1, NOW()),
    (45, 45, '/public/uploads/tienda/productos/protector%20solar%20trendy.webp', NULL, 'Protector Solar', B'1', 1, B'1', B'0', 1, NOW()),
    (46, 46, '/public/uploads/tienda/productos/base%20aqua%20smoth%20todos%20los%20tonos.webp', NULL, 'Base Aqua Smooth', B'1', 1, B'1', B'0', 1, NOW()),
    (47, 47, '/public/uploads/tienda/productos/base%20lula%20todos%20los%20tonos.webp', NULL, 'Base Lula', B'1', 1, B'1', B'0', 1, NOW()),
    (48, 48, '/public/uploads/tienda/productos/base%20truly%20matte%20todos%20los%20tonos.webp', NULL, 'Base Truly Matte', B'1', 1, B'1', B'0', 1, NOW()),
    (49, 49, '/public/uploads/tienda/productos/base%20bloom%20cushion.jpg', NULL, 'Base Cushion Bloomshel', B'1', 1, B'1', B'0', 1, NOW()),
    (50, 50, '/public/uploads/tienda/productos/base%20y%20corrector%20bloomshel%20todos%20los%20tonos.webp', NULL, 'Base Y Corrector Bloomshel', B'1', 1, B'1', B'0', 1, NOW()),
    (51, 51, '/public/uploads/tienda/productos/bloom%20control%20grasa.jpg', NULL, 'Bloom Control Grasa', B'1', 1, B'1', B'0', 1, NOW()),
    (52, 52, '/public/uploads/tienda/productos/primer%20bloom%20poros%20invisibles.webp', NULL, 'Primer Poros Invisibles', B'1', 1, B'1', B'0', 1, NOW()),
    (53, 53, '/public/uploads/tienda/productos/polvo%20suelto%20rosado%20montoc.jpg', NULL, 'Polvo Rosado Montoc', B'1', 1, B'1', B'0', 1, NOW()),
    (54, 54, '/public/uploads/tienda/productos/polvo%20suelto%20raquel.jpg', NULL, 'Polvo Suelto Raquel', B'1', 1, B'1', B'0', 1, NOW()),
    (55, 55, '/public/uploads/tienda/productos/polvo%20suelto%20banana%20trendy.webp', NULL, 'Polvos Banana Trendy', B'1', 1, B'1', B'0', 1, NOW()),
    (56, 56, '/public/uploads/tienda/productos/polvo%20suelto%20bloomshell%20grande.webp', NULL, 'Polvo Bloom Filter Grande', B'1', 1, B'1', B'0', 1, NOW()),
    (57, 57, '/public/uploads/tienda/productos/polvo%20suelto%20majikal.jpg', NULL, 'Polvo Suelto Majikal', B'1', 1, B'1', B'0', 1, NOW()),
    (58, 58, '/public/uploads/tienda/productos/contorno%20en%20crema%20star.webp', NULL, 'Contorno Crema Star', B'1', 1, B'1', B'0', 1, NOW()),
    (59, 59, '/public/uploads/tienda/productos/Contorno-Liquido-Anik.webp', NULL, 'Contorno Liquido Anik Tono 02', B'1', 1, B'1', B'0', 1, NOW()),
    (60, 60, '/public/uploads/tienda/productos/controno%20en%20barra%20de%20chosolate%20trendy.webp', NULL, 'Contorno En Barra De Chocolate', B'1', 1, B'1', B'0', 1, NOW()),
    (61, 61, '/public/uploads/tienda/productos/controno%20barra%20bloomshel.jpg', NULL, 'Contorno Barra Bloomshel Tono Bronzy 02', B'1', 1, B'1', B'0', 1, NOW()),
    (62, 62, '/public/uploads/tienda/productos/corrector%20lula%20todos%20los%20tonos.jpg', NULL, 'Corrector Lula', B'1', 1, B'1', B'0', 1, NOW()),
    (63, 63, '/public/uploads/tienda/productos/correctores%20OG%20todos%20los%20tonos.jpg', NULL, 'Corrector OG', B'1', 1, B'1', B'0', 1, NOW()),
    (64, 64, '/public/uploads/tienda/productos/correctores%20anik%20todos%20los%20tonos.jpeg', NULL, 'Corrector Anik', B'1', 1, B'1', B'0', 1, NOW()),
    (65, 65, '/public/uploads/tienda/productos/correctores%20bloomshel%2020ml%20todos%20los%20tonos.jpeg', NULL, 'Corrector Bloomshel 20ML', B'1', 1, B'1', B'0', 1, NOW()),
    (66, 66, '/public/uploads/tienda/productos/corectores%20bloomshel%2010ml.webp', NULL, 'Corrector Bloomshel 10ML', B'1', 1, B'1', B'0', 1, NOW()),
    (67, 67, '/public/uploads/tienda/productos/corrector%20majikal%20tonos.jpg', NULL, 'Corrector Majikal', B'1', 1, B'1', B'0', 1, NOW()),
    (68, 68, '/public/uploads/tienda/productos/correctores%20aura%20trendy%20tonos.jpg', NULL, 'Corrector Aura', B'1', 1, B'1', B'0', 1, NOW()),
    (69, 69, '/public/uploads/tienda/productos/rubor%20donut%20trendy.jpg', NULL, 'Rubor Donut Trendy', B'1', 1, B'1', B'0', 1, NOW()),
    (70, 70, '/public/uploads/tienda/productos/rubor%20eclipse%20trendy.webp', NULL, 'Rubor Eclipse Trendy', B'1', 1, B'1', B'0', 1, NOW()),
    (71, 71, '/public/uploads/tienda/productos/524998010_18521949385031800_498289873016091299_n.jpg', NULL, 'Rubor Velvet Crush Bloomshel', B'1', 1, B'1', B'0', 1, NOW()),
    (72, 72, '/public/uploads/tienda/productos/rubor%20atenea%20sublime%20tonos.jpg', NULL, 'Rubor Atenea Sublime', B'1', 1, B'1', B'0', 1, NOW()),
    (73, 73, '/public/uploads/tienda/productos/rubor%20polvo%20anik%20tonos.jpg', NULL, 'Rubor En Polvo Anik', B'1', 1, B'1', B'0', 1, NOW()),
    (74, 74, '/public/uploads/tienda/productos/rubor%20e%20iluminador%20lula%20tonos.jpg', NULL, 'Rubor E Iluminador Lula Tono 01', B'1', 1, B'1', B'0', 1, NOW()),
    (75, 75, '/public/uploads/tienda/productos/CE-Rubor-en-barra-Amuse-Cherry-Blossom-Bloomshell-1.webp', NULL, 'Rubor Crema Bloomshel', B'1', 1, B'1', B'0', 1, NOW()),
    (76, 76, '/public/uploads/tienda/productos/rubor%20crema%20star%20trendy%20%28solo%201%20tono%29.webp', NULL, 'Rubor Star Trendy', B'1', 1, B'1', B'0', 1, NOW()),
    (77, 77, '/public/uploads/tienda/productos/contorno%20y%20rubor%20bakery%20trendy.webp', NULL, 'Contorno Y Rubor Bakery', B'1', 1, B'1', B'0', 1, NOW()),
    (78, 78, '/public/uploads/tienda/productos/Lapiz-de-Ojos-Trendy.png', NULL, 'Lapiz Ojos Trendy', B'1', 1, B'1', B'0', 1, NOW()),
    (79, 79, '/public/uploads/tienda/productos/iluminador%20lula%20tonos.jpg', NULL, 'Iluminador Lula', B'1', 1, B'1', B'0', 1, NOW()),
    (80, 80, '/public/uploads/tienda/productos/contorno%20e%20iluminadores%20atenea.jpg', NULL, 'Contornos E Iluminadores Atenea', B'1', 1, B'1', B'0', 1, NOW()),
    (81, 81, '/public/uploads/tienda/productos/brochas%20bloomshel.jpg', NULL, 'Brochas X5 Bloom', B'1', 1, B'1', B'0', 1, NOW()),
    (82, 82, '/public/uploads/tienda/productos/Kit-de-Brochas-Clasico-Negro-Trendy-Ref-KNC1728-2.jpg', NULL, 'Kit Brochas Trendy', B'1', 1, B'1', B'0', 1, NOW()),
    (83, 83, '/public/uploads/tienda/productos/gloss%20mocca%20trendy.jpg', NULL, 'Gloss Mocca Trendy', B'1', 1, B'1', B'0', 1, NOW()),
    (84, 84, '/public/uploads/tienda/productos/gloss%20aura%20tendy.jpeg', NULL, 'Gloss Aura Trendy', B'1', 1, B'1', B'0', 1, NOW()),
    (85, 85, '/public/uploads/tienda/productos/BRILLODELABIOSLIPOIL1_900x.webp', NULL, 'Brillo De Labios Lip Oil Gloss Tinta', B'1', 1, B'1', B'0', 1, NOW()),
    (86, 86, '/public/uploads/tienda/productos/brillo%20reparador%20rosas%20trendy.webp', NULL, 'Brillo Reparador Rosas Trendy', B'1', 1, B'1', B'0', 1, NOW()),
    (87, 87, '/public/uploads/tienda/productos/voluminzador%20de%20labios%20trendy.webp', NULL, 'Voluminizador De Labios Trendy', B'1', 1, B'1', B'0', 1, NOW()),
    (88, 88, '/public/uploads/tienda/productos/delineadores%20de%20labios%20trendy.webp', NULL, 'Delineador De Labios Trendy', B'1', 1, B'1', B'0', 1, NOW()),
    (89, 89, '/public/uploads/tienda/productos/gloss%20fat%20oil.jpg', NULL, 'Gloss Fat Oil', B'1', 1, B'1', B'0', 1, NOW()),
    (90, 90, '/public/uploads/tienda/productos/gloss%20xl%20bloomshel.jpg', NULL, 'Gloss XL Bloomshel', B'1', 1, B'1', B'0', 1, NOW()),
    (91, 91, '/public/uploads/tienda/productos/gloss%20bloom%20lip%20party.jpg', NULL, 'Bloom Lip Party', B'1', 1, B'1', B'0', 1, NOW()),
    (92, 92, '/public/uploads/tienda/productos/Bloom-Gelei-Rubor-Gelatina-Bloomshell-2.jpg', NULL, 'Bloom Gelei Tinta Gelatina', B'1', 1, B'1', B'0', 1, NOW()),
    (93, 93, '/public/uploads/tienda/productos/llaveros%20bloomshel.jpg', NULL, 'Llavero Bloomshel Tinta Grande', B'1', 1, B'1', B'0', 1, NOW()),
    (94, 94, '/public/uploads/tienda/productos/llaveros%20bloomshel.jpg', NULL, 'Llavero Bloomshel Gloss Grande', B'1', 1, B'1', B'0', 1, NOW()),
    (95, 95, '/public/uploads/tienda/productos/Gloss-Bloom-Kiss1.jpg', NULL, 'Bloom Kiss Bloomshel', B'1', 1, B'1', B'0', 1, NOW()),
    (96, 96, '/public/uploads/tienda/productos/Lip-Oil-Atenea-Soft-Red.webp', NULL, 'Lip Oil Atenea Cherry', B'1', 1, B'1', B'0', 1, NOW()),
    (97, 97, '/public/uploads/tienda/productos/tinta%20sugar%20bloomshel.jpg', NULL, 'Tinta Sugar Bloomshel', B'1', 1, B'1', B'0', 1, NOW()),
    (98, 98, '/public/uploads/tienda/productos/papel%20de%20arroz%20bloomshel.webp', NULL, 'Papelitos Arroz Bloomshel X100 Unidades', B'1', 1, B'1', B'0', 1, NOW()),
    (99, 99, '/public/uploads/tienda/productos/parches%20acnes%20x24%20bloomshel.jpg', NULL, 'Bloom Cute 24 Unidades', B'1', 1, B'1', B'0', 1, NOW()),
    (100, 100, '/public/uploads/tienda/productos/parches%20bye%20acne.webp', NULL, 'Bloom Bye X24 Unidades', B'1', 1, B'1', B'0', 1, NOW()),
    (101, 101, '/public/uploads/tienda/productos/Captura%20de%20pantalla%202026-03-25%20171012.png', NULL, 'Lip Gloss Color', B'1', 1, B'1', B'0', 1, NOW()),
    (102, 102, '/public/uploads/tienda/productos/lip%20gloss%20mentolado%20cappuvini.jpg', NULL, 'Lip Gloss Mentolado Cappuvini', B'1', 1, B'1', B'0', 1, NOW()),
    (103, 103, '/public/uploads/tienda/productos/hidratante%20cappuvini.jpg', NULL, 'Hidratante Con Color Cappuvini', B'1', 1, B'1', B'0', 1, NOW()),
    (104, 104, '/public/uploads/tienda/productos/gloss%20coneo%20cappuvini.webp', NULL, 'Gloss Conejo Cappuvini', B'1', 1, B'1', B'0', 1, NOW()),
    (105, 105, '/public/uploads/tienda/productos/gloss%20bloom%20chic.webp', NULL, 'Lip Gloss Gege Bear X3', B'1', 1, B'1', B'0', 1, NOW()),
    (106, 106, '/public/uploads/tienda/productos/gloss%20bloom%20chic.webp', NULL, 'Lip Gloss Gege Bear Unidad', B'1', 1, B'1', B'0', 1, NOW()),
    (107, 107, '/public/uploads/tienda/productos/Gloss%20shiny%20ushas.jpg', NULL, 'Gloss Shiny Ushas', B'1', 1, B'1', B'0', 1, NOW()),
    (108, 108, '/public/uploads/tienda/productos/LABIAL%20HIDRATANTE%20MATE.jpg', NULL, 'Labial Hidratante Mate', B'1', 1, B'1', B'0', 1, NOW()),
    (109, 109, '/public/uploads/tienda/productos/bloom%20puff%20espuma.jpg', NULL, 'Bloom Puff', B'1', 1, B'1', B'0', 1, NOW()),
    (110, 110, '/public/uploads/tienda/productos/borlas%20x2.jpg', NULL, 'Borlas X2', B'1', 1, B'1', B'0', 1, NOW()),
    (111, 111, '/public/uploads/tienda/productos/beauty%20blender%20bloomshel.jpg', NULL, 'Beauty Blender Bloomshel', B'1', 1, B'1', B'0', 1, NOW());

      -- Ajuste de secuencias.
      SELECT setval('public.categorias_categoria_id_seq', COALESCE((SELECT MAX(categoria_id) FROM public.categorias), 1), true);
      SELECT setval('public.productos_producto_id_seq', COALESCE((SELECT MAX(producto_id) FROM public.productos), 1), true);
      SELECT setval('public.producto_imagenes_producto_imagen_id_seq', COALESCE((SELECT MAX(producto_imagen_id) FROM public.producto_imagenes), 1), true);

      COMMIT;
